"preference_id","faculty_id","course_key","preference_rank","teaching_intent","created_at","updated_at"
"P17835959987381481","F002","CSE|GMU|1|UE26CS1103","1","XXXX","2026-07-09 11:19:58.848426+00","2026-07-09 11:19:58.848426+00"
"P17835960584615996","F002","CSE|GMIT|3|1BCS305","2","ZZZZZZZ","2026-07-09 11:20:58.572365+00","2026-07-09 11:20:58.572365+00"
"P17836017732348782","F020","CSE|GMU|1|UE26CS1103","1","As I already worked in Industry in this subject. So i have good practical knowledge which i can share with the students.","2026-07-09 12:56:13.340092+00","2026-07-09 12:56:13.340092+00"
"P17836019592481540","F020","CSE|GMU|1|UG26AI1101","2","As I have Industry experience in this subject. So i have good practical knowledge which i can share with the students.","2026-07-09 12:59:19.354637+00","2026-07-09 12:59:19.354637+00"
"P17836020019778669","F020","CSE|GMU|5|UE24CS3501","3","As I have Industry experience in this subject. So i have good practical knowledge which i can share with the students.","2026-07-09 13:00:02.083826+00","2026-07-09 13:00:02.083826+00"
"P17836021059714526","F020","CSE|GMU|5|UE24CS3504","4","As I have Industry experience in AWS and Azure. So i have good practical knowledge which i can share with the students.","2026-07-09 13:01:46.07795+00","2026-07-09 13:01:46.07795+00"
"P17836022048768121","F020","CSE|GMIT|3|1BCS305","5","As I have Industry experience in this subject. So i have good practical knowledge which i can share with the students.","2026-07-09 13:03:24.981709+00","2026-07-09 13:03:24.981709+00"
"P17836026754939102","F020","CSE|GMU|3|UE25CS2303","6","As I have Industry experience in Opps concept in C++ and Python. So i have good practical knowledge which i can share with the students.","2026-07-09 13:11:15.601293+00","2026-07-09 13:11:15.601293+00"
"P17836043024066464","F026","CSE|GMU|3|UE25CS2301","1","I prefer to teach this course as I have previously taught Algorithm Design and Complexity Analysis at GMIT. This prior experience has given me a strong understanding of the subject, enabling me to deliver the course effectively through practical examples, problem-solving, and student-centered learning.","2026-07-09 13:38:22.511442+00","2026-07-09 13:38:22.511442+00"
"P17836044531233992","F026","CSE|GMU|3|UE25CS2303","2","I have a strong foundation in Object Oriented Programming and am confident in teaching the course effectively. I focus on concept-based learning, live coding, practical implementation, and continuous practice to help students develop robust programming skills.","2026-07-09 13:40:53.226348+00","2026-07-09 13:40:53.226348+00"
"P17836048991855625","F026","CSE|GMU|5|UE24CS3501","3","Deep Learning is my area of Master's specialization, which provides me with strong subject knowledge and current insights. I can effectively deliver the course by combining theory with practical applications, case studies, and hands-on exercises.","2026-07-09 13:48:19.302441+00","2026-07-09 13:48:19.302441+00"
"P17836049817051242","F026","CSE|GMIT|5|BCS515A","4","I am currently pursuing my Master's in Artificial Intelligence with a strong focus on Deep Learning. I am confident in teaching the subject by combining theoretical concepts with practical exercises, case studies, and real-world AI applications.","2026-07-09 13:49:41.823212+00","2026-07-09 13:49:41.823212+00"
"P17836050228233813","F026","CSE|GMIT|1|1BEIT105","5","C programming is one of my core strengths, and I am confident in teaching it effectively. I focus on concept clarity, coding practice, and problem-solving to develop students' programming skills from the fundamentals.","2026-07-09 13:50:22.931651+00","2026-07-09 13:50:22.931651+00"
"P1783607404295508","F016","CSE|GMU|3|UE25CS2303","1","I would like to teach Object-Oriented Programming because it is one of my strongest subjects and I have experience teaching both theory and laboratory sessions. I focus on explaining concepts such as classes, objects, inheritance, polymorphism, abstraction, and exception handling using practical examples and coding demonstrations. My teaching approach emphasizes problem-solving, hands-on programming, and real-world applications, enabling students to build a strong foundation in software development.","2026-07-09 14:30:04.401654+00","2026-07-09 14:30:04.401654+00"
"P17836075401018782","F016","CSE|GMU|3|UE25CS2302","2","I would like to teach Internet of Things (IoT) because it is an emerging technology that integrates sensors, embedded systems, networking, and cloud computing to solve real-world problems. I am interested in guiding students through both the theoretical concepts and practical applications of IoT using real-life examples and project-based learning. My teaching approach focuses on developing students' problem-solving, analytical, and implementation skills, enabling them to design innovative IoT solutions and prepare for industry requirements.","2026-07-09 14:32:20.212909+00","2026-07-09 14:32:20.212909+00"
"P17836075650117267","F009","CSE|GMIT|7|BCS701","6","I selected this course based on my academic background, subject knowledge, and interest in the domain. The course aligns with my expertise and provides an opportunity to deliver quality teaching, guide students effectively, and help them develop both theoretical understanding and practical skills. Teaching this course also enables me to contribute to the department by preparing high-quality course materials and supporting students' academic growth.","2026-07-09 14:32:45.127249+00","2026-07-09 14:32:45.127249+00"
"P17836076026519319","F009","CSE|GMU|3|UE25CS2305","1","I selected this course based on my academic background, subject knowledge, and interest in the domain. The course aligns with my expertise and provides an opportunity to deliver quality teaching, guide students effectively, and help them develop both theoretical understanding and practical skills. Teaching this course also enables me to contribute to the department by preparing high-quality course materials and supporting students' academic growth.","2026-07-09 14:33:22.760765+00","2026-07-09 14:33:22.760765+00"
"P1783607627327646","F016","CSE|GMIT|5|BCS502","3","I wish to teach Computer Networks because it is a fundamental subject in Computer Science that connects theory with real-world networking applications. I can explain networking concepts using practical examples, diagrams, and case studies to make learning interactive and easy to understand. My goal is to help students develop strong conceptual knowledge and problem-solving skills that will benefit them in higher studies and industry.","2026-07-09 14:33:47.435901+00","2026-07-09 14:33:47.435901+00"
"P1783607648441921","F009","CSE|GMU|3|UE25CS2304","2","I selected this course based on my academic background, subject knowledge, and interest in the domain. The course aligns with my expertise and provides an opportunity to deliver quality teaching, guide students effectively, and help them develop both theoretical understanding and practical skills. Teaching this course also enables me to contribute to the department by preparing high-quality course materials and supporting students' academic growth.","2026-07-09 14:34:08.54755+00","2026-07-09 14:34:08.54755+00"
"P17836077241839151","F009","CSE|GMU|5|UE24CS3504","3","I selected this course based on my academic background, subject knowledge, and interest in the domain. The course aligns with my expertise and provides an opportunity to deliver quality teaching, guide students effectively, and help them develop both theoretical understanding and practical skills. Teaching this course also enables me to contribute to the department by preparing high-quality course materials and supporting students' academic growth.","2026-07-09 14:35:24.292097+00","2026-07-09 14:35:24.292097+00"
"P17836078218582463","F016","CSE|GMIT|3|1BCS305","4","I would like to teach Data Structures and Algorithms because it is a core subject that develops logical thinking, problem-solving, and efficient programming skills. I am interested in helping students understand fundamental data structures such as arrays, linked lists, stacks, queues, trees, and graphs, along with algorithm design and analysis. My teaching approach combines conceptual explanations, coding exercises, and real-world examples to enable students to write efficient programs and build a strong foundation for software development, competitive programming, and technical interviews.","2026-07-09 14:37:01.96521+00","2026-07-09 14:37:01.96521+00"
"P17836078701702720","F009","CSE|GMU|3|UE25CS2303","4","I selected this course based on my academic background, subject knowledge, and interest in the domain. The course aligns with my expertise and provides an opportunity to deliver quality teaching, guide students effectively, and help them develop both theoretical understanding and practical skills. Teaching this course also enables me to contribute to the department by preparing high-quality course materials and supporting students' academic growth.","2026-07-09 14:37:50.273915+00","2026-07-09 14:37:50.273915+00"
"P17836079103615638","F016","CSE|GMIT|5|BCS515A","5","I would like to teach Introduction to Artificial Intelligence because it provides students with the fundamental concepts required to understand intelligent systems and modern AI technologies. I am interested in explaining AI principles, problem-solving techniques, search algorithms, knowledge representation, and real-world applications through interactive teaching and practical examples. My teaching approach focuses on building a strong conceptual foundation, encouraging analytical thinking, and preparing students for advanced AI, machine learning, and data science courses.","2026-07-09 14:38:30.476076+00","2026-07-09 14:38:30.476076+00"
"P17836080162654972","F016","CSE|GMU|5|UE24CS3503","6","I would like to teach Cyber Security and Secure Systems because it is a critical area in Computer Science that focuses on protecting digital information, networks, and computing systems from cyber threats. I am interested in helping students understand the fundamentals of cybersecurity, secure system design, cryptography, network security, authentication, and risk management through real-world examples and practical scenarios. My teaching approach emphasizes conceptual understanding, hands-on learning, and problem-solving to prepare students for industry challenges and emerging cybersecurity technologies.","2026-07-09 14:40:16.371952+00","2026-07-09 14:40:16.371952+00"
"P17836108664767838","F023","CSE|GMU|3|UE25CS2301","1","I successfully handled this course in the previous semester and am familiar with the syllabus, course outcomes, and assessment process. I would like to continue teaching this subject to ensure consistency and further improve student learning.","2026-07-09 15:27:46.584727+00","2026-07-09 15:27:46.584727+00"
"P17836109852853186","F023","CSE|GMU|3|UE25CS2303","2","I am interested in teaching Object Oriented Programming. With my programming background, I can effectively deliver both theoretical concepts and practical implementation using real-world examples and hands-on coding sessions","2026-07-09 15:29:45.399176+00","2026-07-09 15:29:45.399176+00"
"P1783611067293879","F004","CSE|GMIT|3|1BCS305","1","Data Structures is the backbone of computer science, developing programming, problem-solving, and optimization skills essential for advanced courses, placements, and software development. With my 24 years of teaching experience and having taught this course four times earlier, I will guide students with practical insights, real-world examples, and industry-oriented learning.","2026-07-09 15:31:07.403189+00","2026-07-09 15:31:07.403189+00"
"P17836111268254853","F023","CSE|GMU|5|UE24CS3504","3","My background in cloud technologies and data engineering enables me to effectively teach serverless computing concepts. I can help students gain practical experience with cloud functions, APIs, and event-driven architectures using industry-standard tools.","2026-07-09 15:32:06.942621+00","2026-07-09 15:32:06.942621+00"
"P17836112585452795","F023","CSE|GMU|5|UE24CS3503","5","I am interested in teaching this course as it aligns with my interest in cybersecurity and secure computing. I am committed to delivering both theoretical concepts and practical learning using real-world security scenarios and industry-relevant tools.","2026-07-09 15:34:18.661626+00","2026-07-09 15:34:18.661626+00"
"P17836113473421530","F004","CSE|GMU|1|UG26AI1101","2","I chose to teach the AI course for first-year GMU students because I wanted to explore a new and emerging subject while leveraging my 24 years of teaching experience. My goal is to inspire, mentor, and groom students from the beginning of their academic journey, helping them build a strong foundation and connect with our department.","2026-07-09 15:35:47.449189+00","2026-07-09 15:35:47.449189+00"
"P17836113742699599","F023","CSE|GMU|3|UE25CS2304","4","This course aligns with my academic background in Computer Science. I am committed to helping students build a clear understanding of computer organization, architecture, and system-level concepts through interactive teaching and practical examples.","2026-07-09 15:36:14.384257+00","2026-07-09 15:36:14.384257+00"
"P17836115244824316","F004","CSE|GMU|1|UE26CS1103","3","I would like to teach C Programming to first-year GMU students because it provides the fundamental foundation for programming and problem-solving. With my 24 years of teaching experience and having taught this course multiple times, I can help students develop strong coding skills, logical thinking, and confidence, preparing them for advanced computing courses.","2026-07-09 15:38:44.587625+00","2026-07-09 15:38:44.587625+00"
"P17836116131087839","F023","CSE|GMU|1|UE26CS1103","6","With my experience in teaching programming-related courses, I can effectively guide students in developing problem-solving skills and writing efficient C programs through practical implementation.","2026-07-09 15:40:13.214019+00","2026-07-09 15:40:13.214019+00"
"P17836116882111624","F004","CSE|GMIT|7|BCS703","4","I wish to teach Cryptography & Network Security because cybersecurity is a rapidly growing and highly relevant field in today's digital world. With my 24 years of teaching experience, I can effectively connect theoretical concepts with practical applications, helping students develop the knowledge and skills required to address modern security challenges and industry demands.","2026-07-09 15:41:28.317613+00","2026-07-09 15:41:28.317613+00"
"P17836117816416863","F004","CSE|GMIT|3|1BCS302","5","I wish to teach Object-Oriented Concepts (OOC) with Java because it equips students with the programming skills required for modern software development. With my 24 years of teaching experience and prior experience teaching programming courses, I can help students master object-oriented design, coding practices, and application development, preparing them for advanced courses and industry careers.","2026-07-09 15:43:01.74384+00","2026-07-09 15:43:01.74384+00"
"P1783611863654356","F004","CSE|GMIT|5|BCS515A","6","I wish to teach the Professional Elective course on Artificial Intelligence because AI is transforming every industry and is a key technology for the future. With my 24 years of teaching experience and a Ph.D. in machine learning-based crop yield prediction, I can provide students with both strong theoretical knowledge and practical, research-oriented insights.","2026-07-09 15:44:23.757967+00","2026-07-09 15:44:23.757967+00"
"P17836122784398565","F015","CSE|GMIT|7|BCS702","1","I wish to teach Parallel Computing as I have previously taught this course and am familiar with its concepts and practical aspects. I am confident I can help students understand the subject clearly and develop practical skills for modern computing applications.","2026-07-09 15:51:18.547219+00","2026-07-09 15:51:18.547219+00"
"P17836133556789135","F010","CSE|GMU|5|UE24CS3503","2","As a faculty member in Computer Science and Engineering, my preferred subject reflects both my academic interest and its relevance to current technological advancements. This subject allows me to deliver concepts that are not only theoretically strong but also practically applicable in real-world scenarios. By learning this subject, students gain critical thinking skills, problem-solving abilities, and hands-on experience with modern tools and techniques. It prepares them for industry demands, enhances their innovation capacity, and builds a strong foundation for future research or professional careers in the field of technology","2026-07-09 16:09:15.795543+00","2026-07-09 16:09:15.795543+00"
"P17836133558621267","F010","CSE|GMU|5|UE24CS3502","1","As a faculty member in Computer Science and Engineering, my preferred subject reflects both my academic interest and its relevance to current technological advancements. This subject allows me to deliver concepts that are not only theoretically strong but also practically applicable in real-world scenarios. By learning this subject, students gain critical thinking skills, problem-solving abilities, and hands-on experience with modern tools and techniques. It prepares them for industry demands, enhances their innovation capacity, and builds a strong foundation for future research or professional careers in the field of technology","2026-07-09 16:09:15.972918+00","2026-07-09 16:09:15.972918+00"
"P17836133563362573","F010","CSE|GMU|5|UE24CS3501","3","As a faculty member in Computer Science and Engineering, my preferred subject reflects both my academic interest and its relevance to current technological advancements. This subject allows me to deliver concepts that are not only theoretically strong but also practically applicable in real-world scenarios. By learning this subject, students gain critical thinking skills, problem-solving abilities, and hands-on experience with modern tools and techniques. It prepares them for industry demands, enhances their innovation capacity, and builds a strong foundation for future research or professional careers in the field of technology","2026-07-09 16:09:16.446927+00","2026-07-09 16:09:16.446927+00"
"P17836133591575528","F010","CSE|GMU|3|UE25CS2304","6","As a faculty member in Computer Science and Engineering, my preferred subject reflects both my academic interest and its relevance to current technological advancements. This subject allows me to deliver concepts that are not only theoretically strong but also practically applicable in real-world scenarios. By learning this subject, students gain critical thinking skills, problem-solving abilities, and hands-on experience with modern tools and techniques. It prepares them for industry demands, enhances their innovation capacity, and builds a strong foundation for future research or professional careers in the field of technology","2026-07-09 16:09:19.267516+00","2026-07-09 16:09:19.267516+00"
"P17836133610644585","F010","CSE|GMU|3|UE25CS2303","4","As a faculty member in Computer Science and Engineering, my preferred subject reflects both my academic interest and its relevance to current technological advancements. This subject allows me to deliver concepts that are not only theoretically strong but also practically applicable in real-world scenarios. By learning this subject, students gain critical thinking skills, problem-solving abilities, and hands-on experience with modern tools and techniques. It prepares them for industry demands, enhances their innovation capacity, and builds a strong foundation for future research or professional careers in the field of technology","2026-07-09 16:09:21.174614+00","2026-07-09 16:09:21.174614+00"
"P17836222479107358","F003","CSE|GMIT|7|BCS703","1","I am genuinely interested in Cryptography and Network Security and enjoy teaching the subject.
I continuously learn about the latest developments, cyber threats, and security technologies.
I believe this subject is essential for building secure and reliable computing systems.
I encourage students to understand both the theoretical concepts and practical applications of cybersecurity.
Teaching this subject also helps me expand my knowledge while preparing students for industry and research.","2026-07-09 18:37:28.025321+00","2026-07-09 18:37:28.025321+00"
"P17836223666867171","F003","CSE|GMIT|3|1BCS305","2","I am highly interested in Data Structures and Applications and enjoy teaching the subject.
I continuously enhance my knowledge of data structures, algorithms, and their real-world applications.
I believe this subject builds a strong foundation for programming, problem-solving, and software development.
I encourage students to develop logical thinking through coding, practical exercises, and algorithm analysis.
Teaching this subject allows me to strengthen my expertise while preparing students for technical interviews, higher studies, and industry careers.","2026-07-09 18:39:26.803335+00","2026-07-09 18:39:26.803335+00"
"P1783622466953124","F003","CSE|GMIT|5|BCS501","3","I am highly interested in Software Engineering & Project Management and enjoy teaching the subject.
I continuously update my knowledge of modern software development methodologies, tools, and project management practices.
I believe this subject helps students understand the complete software development life cycle and teamwork.
I encourage students to apply software engineering principles through case studies, projects, and real-world examples.
Teaching this subject enables me to prepare students for successful careers in software development and project management.","2026-07-09 18:41:07.070708+00","2026-07-09 18:41:07.070708+00"
"P17836225759003547","F003","CSE|GMU|3|UE25CS2301","4","I am highly interested in Algorithm Design and Complexity Analysis and enjoy teaching the subject.
I continuously enhance my knowledge of algorithm design techniques, optimization methods, and computational complexity.
I believe this subject develops strong analytical and problem-solving skills that are essential for computer science.
I encourage students to design efficient algorithms and analyze their time and space complexity through practical examples.
Teaching this subject helps me deepen my expertise while preparing students for competitive programming, technical interviews, and advanced research.","2026-07-09 18:42:56.009063+00","2026-07-09 18:42:56.009063+00"
"P17836227509867029","F003","CSE|GMU|3|UE25CS2305","5","I am highly interested in Operating System Concepts and enjoy teaching the subject.
I continuously update my knowledge of operating system design, process management, memory management, and file systems.
I believe this subject provides the foundation for understanding how computer systems efficiently manage hardware and software resources.
I encourage students to learn through practical examples, system programming concepts, and real-world case studies.
Teaching this subject helps me strengthen my expertise while preparing students for careers in systems programming, software development, and IT.","2026-07-09 18:45:51.103278+00","2026-07-09 18:45:51.103278+00"
"P17836228675251406","F003","CSE|GMU|3|UE25CS2304","6","I am highly interested in Computer Organization and Architecture and enjoy teaching the subject.
I continuously enhance my knowledge of processor architecture, memory organization, and computer system design.
I believe this subject provides a strong foundation for understanding how computer hardware and software interact.
I encourage students to learn through practical examples, problem-solving, and real-world applications of computer architecture.
Teaching this subject helps me deepen my expertise while preparing students for careers in computer engineering, embedded systems, and advanced computing.","2026-07-09 18:47:47.631384+00","2026-07-09 18:47:47.631384+00"
"P17836543856811571","F015","CSE|GMU|5|UE24CS3503","2","I wish to teach Cyber Security and Secure Systems because I am familiar with the subject and its practical applications.","2026-07-10 03:33:05.78766+00","2026-07-10 03:33:05.78766+00"
"P17836552087877415","F026","CSE|GMU|3|UE25CS2305","6","I wish to teach this course as Operating Systems is a fundamental subject in Computer Science. I can effectively teach its core concepts through practical examples, system-level demonstrations, and problem-solving, enabling students to build a strong foundation in systems programming.","2026-07-10 03:46:48.892954+00","2026-07-10 03:46:48.892954+00"
"P17836553122549428","F025","CSE|GMU|3|UE25CS2303","1","it is a fundamental programming language that develops logical thinking and coding skills.","2026-07-10 03:48:32.360604+00","2026-07-10 03:48:32.360604+00"
"P17836554460139493","F018","CSE|GMIT|7|BCS703","1","Since I'm planning to pursue a PhD in Cryptography and Cybersecurity, choosing subjects related to these areas can help me to build the right foundation","2026-07-10 03:50:46.123377+00","2026-07-10 03:50:46.123377+00"
"P17836554720777649","F025","CSE|GMU|3|UE25CS2305","2","It is a core subject that connects programming concepts with computer architecture, providing a strong foundation for system-level understanding.","2026-07-10 03:51:12.182278+00","2026-07-10 03:51:12.182278+00"
"P1783655496735231","F018","CSE|GMU|5|UE24CS3503","2","Since I'm planning to pursue a PhD in Cryptography and Cybersecurity, choosing subjects related to these areas can help me to build the right foundation","2026-07-10 03:51:36.85398+00","2026-07-10 03:51:36.85398+00"
"P17836556756453018","F022","CSE|GMIT|7|BCS701","1","","2026-07-10 03:54:35.7626+00","2026-07-10 03:54:35.7626+00"
"P17836556859489100","F012","CSE|GMU|1|UE26CS1103","1","I have chosen C Programming because it is a fundamental course that builds students' programming and problem-solving skills. I have experience teaching this subject.","2026-07-10 03:54:46.066225+00","2026-07-10 03:54:46.066225+00"
"P17836556886281283","F012","CSE|GMU|1|UG26AI1101","2","I have chosen Introduction to AI because it equips students with essential knowledge of one of the most rapidly evolving technologies. I am interested in teaching the fundamentals of AI and helping students build a strong conceptual foundation","2026-07-10 03:54:48.745811+00","2026-07-10 03:54:48.745811+00"
"P17836557121205249","F022","CSE|GMIT|5|BCS502","2","","2026-07-10 03:55:12.233572+00","2026-07-10 03:55:12.233572+00"
"P17836557434681106","F022","CSE|GMIT|7|BCS755x","3","","2026-07-10 03:55:43.583345+00","2026-07-10 03:55:43.583345+00"
"P17836557447752720","F018","CSE|GMIT|5|BCS502","3","because I studied it in both my UG and PG, making it easier for me to teach effectively. It also provides a strong foundation for my future PhD in Cryptography and Cybersecurity.","2026-07-10 03:55:44.891025+00","2026-07-10 03:55:44.891025+00"
"P17836557595943560","F022","CSE|GMIT|7|BCS714x","4","","2026-07-10 03:55:59.704534+00","2026-07-10 03:55:59.704534+00"
"P1783655809266287","F022","CSE|GMIT|3|1BCS304","5","","2026-07-10 03:56:49.383964+00","2026-07-10 03:56:49.383964+00"
"P17836558205404397","F022","CSE|GMIT|5|BCS501","6","","2026-07-10 03:57:00.643256+00","2026-07-10 03:57:00.643256+00"
"P17836558650156936","F018","CSE|GMU|1|UE26CS1102","4","because I have an Electronics and Communication Engineering (ECE) background and have successfully taught this subject in a previous semester. My prior experience and strong fundamentals will help me deliver the course effectively.","2026-07-10 03:57:45.121361+00","2026-07-10 03:57:45.121361+00"
"P17836558658925813","F006","CSE|GMU|5|UE24CS3501","1","","2026-07-10 03:57:45.998171+00","2026-07-10 03:57:45.998171+00"
"P17836558830872361","F021","CSE|GMIT|5|BCS501","1","I chose Software Engineering and Project Management (SEPM) because it combines technical knowledge with practical project execution, preparing students for real-world software development. My teaching approach emphasizes interactive learning, case studies, teamwork, problem-solving, and industry-oriented projects. Students will gain both technical and managerial skills, improving their employability and confidence. I have prepared thoroughly by updating my knowledge with current software engineering practices, project management methodologies, and practical examples. I am excited to create an engaging learning environment that inspires students to think critically, collaborate effectively, and develop professional competencies for successful careers in the software industry.","2026-07-10 03:58:03.193301+00","2026-07-10 03:58:03.193301+00"
"P17836558968978434","F027","CSE|GMIT|5|BCS503","1","Theory of Computation I have prior teaching experience with this subject from the previous semester and am familiar with the syllabus and concepts. I am confident in handling up to two sections and delivering the course effectively.","2026-07-10 03:58:17.014362+00","2026-07-10 03:58:17.014362+00"
"P17836559038531515","F012","CSE|GMIT|3|1BCS305","3","I have chosen Data Structures and Applications because it is a core subject that builds strong programming and problem-solving skills. I have previously taught this course, enabling me to teach it effectively and help students develop a solid foundation","2026-07-10 03:58:23.970363+00","2026-07-10 03:58:23.970363+00"
"P17836559161434743","F006","CSE|GMIT|1|1BEIT105","2","","2026-07-10 03:58:36.252639+00","2026-07-10 03:58:36.252639+00"
"P17836559328015970","F013","CSE|GMIT|5|BCS502","2","d. I am interested in teaching Computer Networks and can effectively explain networking concepts, protocols, network architecture, and practical applications with real-world example","2026-07-10 03:58:52.908365+00","2026-07-10 03:58:52.908365+00"
"P17836559391371561","F014","CSE|GMIT|3|1BCS302","1","To provide a strong foundation in Java programming and object-oriented principles for solving real-world programming problems.","2026-07-10 03:58:59.244163+00","2026-07-10 03:58:59.244163+00"
"P17836559488614014","F015","CSE|GMU|5|UE24CS3501","3","I am interested in teaching Deep Learning because it is an important and fast-growing area of computer science. I would like to help students understand its basic concepts and practical uses in a simple way.","2026-07-10 03:59:08.968446+00","2026-07-10 03:59:08.968446+00"
"P17836559663181809","F014","CSE|GMU|3|UE25CS2303","2","To provide a strong foundation in Java programming and object-oriented principles for solving real-world programming problems.","2026-07-10 03:59:26.424968+00","2026-07-10 03:59:26.424968+00"
"P17836559823813226","F006","CSE|GMIT|7|BCS755x","3","","2026-07-10 03:59:42.487027+00","2026-07-10 03:59:42.487027+00"
"P17836559927112732","F015","CSE|GMIT|5|BCS515A","4","I am interested in teaching Artificial Intelligence because it is an important and emerging field in computer science. I would like to help students understand its concepts and real-world applications.","2026-07-10 03:59:52.817374+00","2026-07-10 03:59:52.817374+00"
"P17836560170614369","F010","CSE|GMU|3|UE25CS2305","5","As a faculty member in Computer Science and Engineering, my preferred subject reflects both my academic interest and its relevance to current technological advancements. This subject allows me to deliver concepts that are not only theoretically strong but also practically applicable in real-world scenarios. By learning this subject, students gain critical thinking skills, problem-solving abilities, and hands-on experience with modern tools and techniques. It prepares them for industry demands, enhances their innovation capacity, and builds a strong foundation for future research or professional careers in the field of technology","2026-07-10 04:00:17.17788+00","2026-07-10 04:00:17.17788+00"
"P1783656018639682","F012","CSE|GMIT|3|1BCS304","4","I have chosen **Operating Systems** because it is a fundamental subject in computer science with significant practical relevance. I am interested in teaching this course and, at the same time, deepening my understanding of the subject, enabling me to deliver better learning experiences while continuously enhancing my expertise.","2026-07-10 04:00:18.755737+00","2026-07-10 04:00:18.755737+00"
"P1783656047808107","F014","CSE|GMIT|5|BCS502","3","To provide students with a fundamental understanding of computer networks, communication protocols, and network technologies for effective data communication.","2026-07-10 04:00:47.914311+00","2026-07-10 04:00:47.914311+00"
"P17836560647184221","F013","CSE|GMIT|3|1BCS305","1","have a understanding of data structures which i handle in previous sem , the algorithms, and their practical applications.  delivering both theoretical concepts and laboratory sessions while encouraging problem-solving and coding skills which can also improve my about the subjectknowldge .","2026-07-10 04:01:04.836028+00","2026-07-10 04:01:04.836028+00"
"P1783656072863300","F015","CSE|GMU|3|UE25CS2304","6","I am interested in teaching Computer Organization and Architecture because it is a core subject for understanding computer systems. I would like to help students build a strong foundation in the subject.","2026-07-10 04:01:12.980565+00","2026-07-10 04:01:12.980565+00"
"P17836561025209893","F006","CSE|GMU|1|UG26AI1101","4","","2026-07-10 04:01:42.634569+00","2026-07-10 04:01:42.634569+00"
"P17836561034151032","F013","CSE|GMIT|5|BCS515A","3","I am passionate about Artificial Intelligence and would like to teach core AI concepts, intelligent agents, search techniques, machine learning fundamentals, and practical applications.","2026-07-10 04:01:43.524359+00","2026-07-10 04:01:43.524359+00"
"P17836561075667997","F025","CSE|GMU|1|UE26CS1103","3","I took this subject last semester, and I want to enhance my programming fundamentals and gain more confidence in writing C programs","2026-07-10 04:01:47.674993+00","2026-07-10 04:01:47.674993+00"
"P178365613499249","F013","CSE|GMU|5|UE24CS3502","4","I am eager to teach emerging technologies such as AR, VR, and Metaverse, integrating theoretical knowledge with hands-on demonstrations and project-based learning.","2026-07-10 04:02:15.108734+00","2026-07-10 04:02:15.108734+00"
"P1783656143773329","F015","CSE|GMIT|5|BCS502","5","I am interested in teaching Computer Networks because it is a fundamental subject in computer science.","2026-07-10 04:02:23.890187+00","2026-07-10 04:02:23.890187+00"
"P17836561725549041","F013","CSE|GMU|5|UE24CS3501","5","I have a keen interest in Deep Learning and can teach neural networks, CNNs, RNNs, model training, and modern AI frameworks with practical implementation.","2026-07-10 04:02:52.671954+00","2026-07-10 04:02:52.671954+00"
"P17836562578843842","F018","CSE|GMIT|3|1BCS302","5","I completed professional training in Java after my B.E., which strengthened my programming skills. This knowledge enables me to teach the subject effectively with both theoretical and practical understanding.","2026-07-10 04:04:17.993868+00","2026-07-10 04:04:17.993868+00"
"P17836562622866569","F012","CSE|GMU|5|UE24CS3503","5","I wanted to learn this subject. I am curious about this course also I want to eplore on this subject.","2026-07-10 04:04:22.40101+00","2026-07-10 04:04:22.40101+00"
"P17836562725324119","F025","CSE|GMU|5|UE24CS3501","4","I want to learn Deep Learning to strengthen my knowledge of intelligent systems and develop innovative AI-based solutions.","2026-07-10 04:04:32.646146+00","2026-07-10 04:04:32.646146+00"
"P178365630912528","F021","CSE|GMIT|3|1BCS304","2","I chose Operating Systems because it is a fundamental subject that helps students understand how computer systems manage hardware, software, memory, processes, and resources efficiently. My teaching approach focuses on concept-based learning, interactive discussions, real-world examples, demonstrations, and hands-on problem-solving. Students will develop strong analytical and programming skills while understanding the practical working of modern operating systems. I have prepared by strengthening my knowledge of core concepts, studying current operating system technologies, and incorporating practical examples and case studies. I am excited to make the subject engaging, helping students build a solid foundation for advanced computer science courses and successful careers in the IT industry","2026-07-10 04:05:09.242599+00","2026-07-10 04:05:09.242599+00"
"P17836563136782144","F013","CSE|GMIT|5|BCS501","6","I am interested in teaching Software Engineering principles, SDLC, Agile methodologies, software testing, and project management practices while emphasizing industry-oriented learning.","2026-07-10 04:05:13.795582+00","2026-07-10 04:05:13.795582+00"
"P17836563292509849","F018","CSE|GMIT|3|1BCS304","6","I studied it as an elective during my B.E., giving me a good understanding of its concepts. This foundation enables me to teach the subject effectively and confidently.","2026-07-10 04:05:29.36692+00","2026-07-10 04:05:29.36692+00"
"P17836563313082842","F014","CSE|GMU|3|UE25CS2305","5","To provide students with a fundamental understanding of operating system concepts and resource management.","2026-07-10 04:05:31.413727+00","2026-07-10 04:05:31.413727+00"
"P17836563644623482","F025","CSE|GMU|3|UE25CS2301","5","I want to take this subject because it helps me improve my logical thinking and learn better ways to solve programming problems efficiently.","2026-07-10 04:06:04.571913+00","2026-07-10 04:06:04.571913+00"
"P17836563755724780","F014","CSE|GMIT|3|1BCS304","6","To provide students with a fundamental understanding of operating system concepts and resource management.","2026-07-10 04:06:15.682699+00","2026-07-10 04:06:15.682699+00"
"P17836564680041072","F006","CSE|GMIT|5|BCS501","5","","2026-07-10 04:07:48.135545+00","2026-07-10 04:07:48.135545+00"
"P17836564965091481","F012","CSE|GMU|3|UE25CS2302","6","I have chosen **Internet of Things (IoT)** because it is an emerging technology with wide real-world applications across various industries. I am interested in teaching this subject and helping students gain practical knowledge while preparing them for current and future technology trends.","2026-07-10 04:08:16.613546+00","2026-07-10 04:08:16.613546+00"
"P17836565527147742","F006","CSE|GMIT|3|1BCS302","6","","2026-07-10 04:09:12.818006+00","2026-07-10 04:09:12.818006+00"
"P17836566018739572","F025","CSE|GMU|3|UE25CS2302","6","I want to learn Internet of Things to strengthen my knowledge of connected devices, sensors, and intelligent systems. This will help me apply IoT concepts in teaching and practical projects","2026-07-10 04:10:01.991147+00","2026-07-10 04:10:01.991147+00"
"P17836566080526052","F021","CSE|GMIT|5|BCS515A","3","I chose Artificial Intelligence because it is one of the most transformative and rapidly evolving fields in computer science, with applications across healthcare, finance, education, robotics, and many other industries. My teaching approach emphasizes concept-driven learning, interactive discussions, real-world case studies, hands-on implementation, and project-based activities. Students will develop problem-solving, critical thinking, and AI application skills while gaining exposure to modern tools and techniques. I have prepared by studying current AI concepts, machine learning fundamentals, emerging trends, and practical applications. I am excited to inspire students to explore innovation, think creatively, and build intelligent solutions that address real-world challenges.","2026-07-10 04:10:08.169996+00","2026-07-10 04:10:08.169996+00"
"P17836567100601377","F027","CSE|GMIT|3|1BCS302","2","I have a good understanding of OOP concepts and programming fundamentals. I am can handle and deliver the subject effectively with both theoretical and practical approaches.","2026-07-10 04:11:50.166876+00","2026-07-10 04:11:50.166876+00"
"P17836568028641076","F021","CSE|GMU|3|UE25CS2305","4","I chose Operating Systems because it is a fundamental subject that helps students understand how computer systems manage hardware, software, memory, processes, and resources efficiently. My teaching approach focuses on concept-based learning, interactive discussions, real-world examples, demonstrations, and hands-on problem-solving. Students will develop strong analytical and programming skills while understanding the practical working of modern operating systems. I have prepared by strengthening my knowledge of core concepts, studying current operating system technologies, and incorporating practical examples and case studies. I am excited to make the subject engaging, helping students build a solid foundation for advanced computer science courses and successful careers in the IT industry.","2026-07-10 04:13:22.968232+00","2026-07-10 04:13:22.968232+00"
"P17836570987335162","F024","CSE|GMIT|1|1BESC104E","1","I taught Essentials of Information Technology in the previous academic year and am familiar with the course structure and expected learning outcomes. My teaching approach includes interactive lectures, practical demonstrations, real-world examples, and continuous student engagement. My prior experience enables me to effectively help first-year students build a strong foundation in information technology concepts.","2026-07-10 04:18:18.845019+00","2026-07-10 04:18:18.845019+00"
"P17836572441417162","F024","CSE|GMIT|5|BCS501","2","I taught Essentials of Information Technology in the previous academic year and am familiar with the course structure and expected learning outcomes. My teaching approach includes interactive lectures, practical demonstrations, real-world examples, and continuous student engagement. My prior experience enables me to effectively help first-year students build a strong foundation in information technology concepts.","2026-07-10 04:20:44.245917+00","2026-07-10 04:20:44.245917+00"
"P17836575075828991","F024","CSE|GMIT|3|1BCS302","3","I am interested in teaching Object Oriented Programming with Java as it is a fundamental course in computer science. I have a strong understanding of object-oriented concepts and Java programming. My teaching approach focuses on concept clarity, practical coding sessions, real-world examples, and continuous assessment to help students develop problem-solving and programming skills. I am well prepared and committed to delivering the course effectively.","2026-07-10 04:25:07.687281+00","2026-07-10 04:25:07.687281+00"
"P17836575269755745","F024","CSE|GMIT|1|1BEIT105","4","I am interested in teaching Object Oriented Programming with Java as it is a fundamental course in computer science. I have a strong understanding of object-oriented concepts and Java programming. My teaching approach focuses on concept clarity, practical coding sessions, real-world examples, and continuous assessment to help students develop problem-solving and programming skills. I am well prepared and committed to delivering the course effectively.","2026-07-10 04:25:27.080784+00","2026-07-10 04:25:27.080784+00"
"P17836575741688467","F024","CSE|GMU|1|UE26CS1103","5","I am interested in teaching Object Oriented Programming with Java as it is a fundamental course in computer science. I have a strong understanding of object-oriented concepts and Java programming. My teaching approach focuses on concept clarity, practical coding sessions, real-world examples, and continuous assessment to help students develop problem-solving and programming skills. I am well prepared and committed to delivering the course effectively.","2026-07-10 04:26:14.274227+00","2026-07-10 04:26:14.274227+00"
"P17836576101765693","F024","CSE|GMU|1|UG26AI1101","6","I am interested in teaching Object Oriented Programming with Java as it is a fundamental course in computer science. I have a strong understanding of object-oriented concepts and Java programming. My teaching approach focuses on concept clarity, practical coding sessions, real-world examples, and continuous assessment to help students develop problem-solving and programming skills. I am well prepared and committed to delivering the course effectively.","2026-07-10 04:26:50.293403+00","2026-07-10 04:26:50.293403+00"
"P17836576746237110","F021","CSE|GMU|3|UE25CS2304","6","I chose Computer Organization and Architecture because it provides the fundamental knowledge of how computer systems are designed and how hardware and software interact. Understanding processors, memory, input/output systems, and instruction execution helps students build a strong foundation for advanced computing concepts. My teaching approach focuses on conceptual clarity through interactive discussions, real-world examples, diagrams, simulations, and problem-solving activities. Students will develop analytical thinking and a deeper understanding of computer system performance and design. I have prepared by strengthening my knowledge of computer architecture, studying modern processor technologies, and incorporating practical examples to make complex concepts easier to understand. I am excited to help students develop a solid foundation that supports their future studies and careers in computer science.","2026-07-10 04:27:54.735523+00","2026-07-10 04:27:54.735523+00"
"P17836585487893433","F027","CSE|GMU|3|UE25CS2303","3","Object-Oriented Programming (OOP): I have a good understanding of OOP concepts and programming fundamentals. I am confident in handling and delivering the subject effectively with both theoretical and practical approaches.","2026-07-10 04:42:28.907171+00","2026-07-10 04:42:28.907171+00"
"P17836593193253929","F027","CSE|GMIT|3|1BCS305","4","I have a good understanding of the subject and am confident in my ability to learn, prepare, and deliver the course effectively.","2026-07-10 04:55:19.432383+00","2026-07-10 04:55:19.432383+00"
"P17836595329913700","F027","CSE|GMU|1|UE26CS1103","6","I have a strong foundation in C programming and core programming concepts. I am confident in teaching the subject with a focus on both theoretical concepts and practical problem-solving.","2026-07-10 04:58:53.096741+00","2026-07-10 04:58:53.096741+00"
"P178365956922655","F027","CSE|GMIT|3|1BCS304","5","I have a good understanding of operating system concepts. I am confident in preparing thoroughly and delivering the subject effectively.","2026-07-10 04:59:29.333069+00","2026-07-10 04:59:29.333069+00"
"P17836609894458777","F005","CSE|GMU|1|UG26AI1101","1","I enjoy teaching Introduction to AI because it aligns with  my research expertise in Deep Learning. I am excited to explore emerging AI tools and deliver the updated 2026 curriculum. My approach emphasizes practical applications, critical thinking, and hands-on learning to prepare students for AI-driven careers.","2026-07-10 05:23:09.554715+00","2026-07-10 05:23:09.554715+00"
"P17836613099519358","F005","CSE|GMU|1|UE26CS1103","2","I like to teach Programming in C with Practice because I have taught this course more than eight times, giving me strong experience in building students' programming fundamentals. I am excited to deliver the updated 2026 curriculum using practical, hands-on learning and problem-solving activities that strengthen coding skills and logical thinking.","2026-07-10 05:28:30.058295+00","2026-07-10 05:28:30.058295+00"
"P17836616673626565","F005","CSE|GMU|1|UE26CS1102","3","I am passionate about teaching Digital Logic & Systems with Simulation because I have taught this course more than six times, gaining extensive experience in helping students understand digital circuits and system design. I am excited to deliver the updated 2026 curriculum through simulation-based, hands-on learning that strengthens analytical and design skills.","2026-07-10 05:34:27.469609+00","2026-07-10 05:34:27.469609+00"
"P17836622591666082","F014","CSE|GMU|5|UE24CS3503","4","o help students understand cyber threats, security mechanisms, and best practices for protecting digital systems and data.","2026-07-10 05:44:19.270345+00","2026-07-10 05:44:19.270345+00"
"P17836622601486964","F021","CSE|GMU|3|UE25CS2302","5","I chose the Internet of Things (IoT) because it is an innovative and rapidly growing field that connects physical devices with the digital world, enabling smart and intelligent systems. My teaching approach emphasizes concept-based learning, hands-on experiments, real-world case studies, and project-based activities using IoT platforms and sensors. Students will gain practical skills in designing, developing, and implementing IoT solutions while enhancing their problem-solving and innovation abilities. I have prepared by studying the latest IoT technologies, communication protocols, cloud integration, and industry applications. I am excited to guide students in exploring emerging technologies and developing smart solutions that address real-world challenges across various domains.","2026-07-10 05:44:20.252859+00","2026-07-10 05:44:20.252859+00"
"P17836622881837139","F005","CSE|GMIT|7|BCS714x","4","I am passionate about teaching Deep Learning because it aligns with my  research expertise. I aim to help students build strong theoretical and practical foundations through hands-on projects, real-world applications, and emerging AI techniques that prepare them for research and industry.","2026-07-10 05:44:48.290219+00","2026-07-10 05:44:48.290219+00"
"P17836624395857196","F005","CSE|GMU|5|UE24CS3501","5","I am passionate about teaching Deep Learning because it aligns with my  research expertise. I aim to help students build strong theoretical and practical foundations through hands-on projects, real-world applications, and emerging AI techniques that prepare them for research and industry.","2026-07-10 05:47:19.688296+00","2026-07-10 05:47:19.688296+00"
"P17836629774253330","F005","CSE|GMIT|5|BCS515A","6","I am passionate about teaching Artificial Intelligence (AI) because it complements my research expertise in deep learning. I strive to provide students with strong conceptual knowledge and practical exposure to AI techniques, enabling them to solve real-world problems and pursue advanced research and industry opportunities.","2026-07-10 05:56:17.53209+00","2026-07-10 05:56:17.53209+00"
"P17836635343512458","F008","CSE|GMU|1|UE26CS1102","1","I am passionate about teaching Digital Logic & Systems with Simulation because I have taught this course more than four times, building strong expertise in digital system design and simulation. I look forward to delivering the updated 2026 curriculum through interactive, simulation-based learning that enhances students' analytical, design, and problem-solving skills.","2026-07-10 06:05:34.457+00","2026-07-10 06:05:34.457+00"
"P17836636724153269","F008","CSE|GMIT|3|1BCS303","2","I am passionate about teaching Digital Design and Computer Organization because I have taught this course more than four times, developing strong expertise in computer architecture and digital systems. My focus is on building students' conceptual understanding through practical examples, enabling them to develop analytical, design, and problem-solving skills for advanced computing courses.","2026-07-10 06:07:52.521355+00","2026-07-10 06:07:52.521355+00"
"P17836638073192777","F008","CSE|GMIT|7|BCS701","3","I am passionate about teaching Internet of Things (IoT) because I have taught this course more than two times, gaining valuable experience in IoT concepts and applications. My approach emphasizes hands-on learning, real-world projects, and practical implementation, enabling students to develop skills in designing and deploying smart connected systems.","2026-07-10 06:10:07.437524+00","2026-07-10 06:10:07.437524+00"
"P17836641005761416","F008","CSE|GMIT|5|BCS502","4","I am passionate about teaching Computer Networks because I have taught this course more than two times, gaining valuable experience in networking concepts and protocols. My teaching emphasizes practical learning through simulations, case studies, and real-world applications, helping students develop strong analytical, troubleshooting, and network design skills.","2026-07-10 06:15:00.686437+00","2026-07-10 06:15:00.686437+00"
"P17836641993196559","F008","CSE|GMIT|5|BCS515A","5","I am passionate about teaching Artificial Intelligence (AI) because it empowers students to solve complex real-world problems using intelligent systems. My teaching approach combines strong theoretical foundations with practical applications, hands-on projects, and emerging AI technologies, enabling students to develop innovation, critical thinking, and industry-ready AI skills","2026-07-10 06:16:39.428864+00","2026-07-10 06:16:39.428864+00"
"P1783676699774430","F008","CSE|GMIT|7|BCS714x","6","I am passionate about teaching Deep Learning because it is a transformative field within Artificial Intelligence that enables intelligent decision-making from complex data. My teaching focuses on strong theoretical foundations, practical implementation, and real-world applications, helping students develop advanced AI skills for research, innovation, and industry careers.","2026-07-10 09:44:59.878144+00","2026-07-10 09:44:59.878144+00"
"P17836786463166590","F011","CSE|GMU|5|UE24CS3504","1","Handled this course in the previous year and have completed AWS and Cloud Computing certification programs. Possess a strong foundation in cloud computing and serverless technologies, and I am interested in further strengthening my knowledge through continued teaching, research, and practical implementation.","2026-07-10 10:17:26.42201+00","2026-07-10 10:17:26.42201+00"
"P17836787972835616","F011","CSE|GMIT|5|BCS502","2","Strong academic background in Computer Networks through M.Tech in Digital Communication and Networking. Completed CCNA training with a solid understanding of networking concepts, routing, switching, and network protocols. Keen to further enhance my expertise through teaching and continuous learning.","2026-07-10 10:19:57.391262+00","2026-07-10 10:19:57.391262+00"
"P17836788609288412","F011","CSE|GMIT|7|BCS701","3","Possess a strong foundation in IoT through academic coursework and hands-on project experience during my M.Tech. My knowledge of embedded systems, wireless communication, cloud integration, and IoT platforms enables me to effectively teach this course. I am also keen to further deepen my expertise in emerging IoT technologies through teaching and continuous learning.","2026-07-10 10:21:01.034797+00","2026-07-10 10:21:01.034797+00"
"P17836789107364976","F011","CSE|GMU|3|UE25CS2302","4","Possess a strong foundation in IoT through academic coursework and hands-on project experience during my M.Tech. My knowledge of embedded systems, wireless communication, cloud integration, and IoT platforms enables me to effectively teach this course. I am also keen to further deepen my expertise in emerging IoT technologies through teaching and continuous learning.","2026-07-10 10:21:50.854056+00","2026-07-10 10:21:50.854056+00"
"P17836790624762709","F011","CSE|GMIT|7|BCS703","5","Possess a strong academic background in networking through my M.Tech in Digital Communication and Networking, complemented by CCNA training and the IIT Kanpur Cybersecurity Skilling Program. My knowledge of cryptographic principles, network security, and secure communication enables me to effectively teach this course. I am also keen to further deepen my expertise in advanced cryptography and cybersecurity through teaching and continuous learning.","2026-07-10 10:24:22.579609+00","2026-07-10 10:24:22.579609+00"
"P178367917556170","F011","CSE|GMU|5|UE24CS3503","6","ossess a strong academic background in networking through my M.Tech in Digital Communication and Networking, supported by CCNA training and the IIT Kanpur Cybersecurity Skilling Program. My knowledge of network protocols, secure network design, and cybersecurity principles enables me to effectively teach this course. I am also keen to further strengthen my expertise in advanced network security technologies through teaching and continuous learning.","2026-07-10 10:26:15.667767+00","2026-07-10 10:26:15.667767+00"
"P17837096861297157","F007","CSE|GMU|5|UE24CS3503","2","I have chosen **Cyber Security and Secure System** as my Second preference because cybersecurity has become an essential component of modern computing. Every organization today depends on secure digital systems, making it important for students to understand how to protect information, applications, and computing infrastructure from evolving cyber threats. This course provides the knowledge and practical skills needed to build secure, reliable, and responsible technology solutions.

To ensure effective learning, I will adopt a student-centric and outcome-based teaching approach that combines conceptual lectures with real-world case studies, demonstrations, hands-on activities using open-source security tools, collaborative discussions, and project-based learning. I also plan to incorporate recent cyber incidents and emerging security technologies so that students can relate theoretical concepts to practical applications.

Through this course, students will develop a strong foundation in cybersecurity principles, secure system design, ethical practices, and risk management. They will strengthen their analytical, technical, and problem-solving skills while preparing for internships, higher studies, research, industry certifications, and careers in cybersecurity and related technology domains. My objective is to create an engaging learning environment that encourages students to think critically, practice secure computing, and confidently address real-world security challenges.","2026-07-10 18:54:46.24603+00","2026-07-10 18:54:46.24603+00"
"P17837100784899820","F007","CSE|GMIT|5|BCS502","3","I have chosen **Computer Networks** as my third preference because it is a fundamental course that provides students with a strong foundation in computer communication, networking principles, and modern network technologies. The knowledge gained through this course is essential for understanding advanced domains such as cloud computing, cybersecurity, the Internet of Things, and distributed systems, making it a key subject in the Computer Science curriculum.

Having handled this course multiple times, I have developed effective teaching strategies to simplify complex concepts and improve student understanding. To further strengthen my knowledge and stay updated with current developments, I have also successfully completed an **NPTEL course in Computer Networks**. This continuous learning has enhanced my subject expertise and will help me deliver the course in a structured, engaging, and outcome-oriented manner.

My teaching approach will focus on outcome-based education through conceptual lectures, interactive discussions, real-world case studies, simulation-based learning, laboratory demonstrations, problem-solving sessions, and project-based activities. I will also integrate recent networking technologies and industry practices to make learning relevant and application-oriented.

Through this course, students will develop a strong conceptual foundation, analytical thinking, troubleshooting skills, and practical knowledge of networking. These competencies will prepare them for advanced courses, internships, industry certifications, higher studies, and careers in networking and related technology domains.","2026-07-10 19:01:18.603257+00","2026-07-10 19:01:18.603257+00"
"P17837106148966387","F007","CSE|GMU|3|UE25CS2302","1","I have chosen **Internet of Things (IoT)** as my first preference because it closely aligns with my academic background in **Digital Communication and Networking** and my teaching experience in **Computer Networks**. IoT is a multidisciplinary and rapidly evolving technology that integrates communication networks, embedded systems, cloud computing, and intelligent applications to address real-world challenges. My academic background and teaching experience enable me to effectively guide students in understanding both the theoretical concepts and practical implementation of IoT systems.

To further enhance my expertise in this domain, I have successfully completed the **NPTEL course ""Introduction to Industry 4.0 and Industrial Internet of Things.""** This course strengthened my understanding of Industry 4.0 concepts, Industrial IoT architecture, smart manufacturing, connected systems, communication technologies, and emerging industrial applications. The knowledge gained from this certification enables me to integrate current industry trends and practical perspectives into my teaching.

I am keen to teach this course because it offers excellent opportunities for experiential and project-based learning. I plan to adopt an outcome-based and student-centric teaching approach by integrating interactive lectures, real-world case studies, simulations, hands-on demonstrations, and mini-projects to make the learning process engaging and application-oriented. I will also encourage students to develop innovative IoT solutions for real-world and societal challenges while incorporating recent technological advancements and industry practices into the course.

Through this subject, students will develop strong technical, analytical, and problem-solving skills while gaining practical exposure to applications in healthcare, agriculture, industrial automation, environmental monitoring, and smart cities. The course will also strengthen their understanding of networking, cloud technologies, and cybersecurity, preparing them for internships, higher studies, research, innovation, and careers in IoT, Industry 4.0, embedded systems, and other emerging technology domains. I am confident that my academic background, continuous learning through NPTEL, teaching experience, and commitment to student-centered learning will help me deliver this course effectively and create a meaningful learning experience for students.","2026-07-10 19:10:15.002196+00","2026-07-10 19:10:15.002196+00"
"P17837109220899027","F007","CSE|GMIT|3|1BCS302","4","I have chosen **Object-Oriented Programming with Java** as my preference because it is a fundamental course that equips students with the essential concepts of object-oriented design and software development. Java is one of the most widely adopted programming languages in academia and industry, providing a strong foundation for developing scalable, secure, and maintainable software applications. Mastering object-oriented programming enables students to build logical thinking, problem-solving abilities, and software design skills that are essential for advanced computing technologies.

To further strengthen my expertise in this domain, I have successfully completed **Core Java** and **Advanced Java** courses. These learning experiences have enhanced my understanding of object-oriented programming principles, Java application development, exception handling, collections, multithreading, database connectivity, and modern programming practices. This knowledge enables me to effectively integrate both conceptual understanding and practical application into the teaching and learning process.

I plan to adopt an outcome-based and student-centric teaching approach by combining conceptual lectures with live coding sessions, interactive discussions, hands-on laboratory exercises, programming assignments, debugging activities, case studies, and mini-projects. I will encourage students to apply object-oriented principles to develop real-world applications while introducing them to current programming tools and best practices.

Through this course, students will develop a strong foundation in Java programming, object-oriented concepts, software design, and application development. They will strengthen their analytical thinking, coding proficiency, and problem-solving skills, preparing them for internships, higher studies, technical interviews, software development careers, and emerging technology domains. I am committed to creating an engaging and practical learning environment that inspires students to become confident and competent software professionals.","2026-07-10 19:15:22.196271+00","2026-07-10 19:15:22.196271+00"
"P17837130337448501","F007","CSE|GMU|1|UE26CS1102","5","I have chosen **Digital Logic & Systems with Simulation** as my preferred course because it closely aligns with my academic background in **Electronics and Communication Engineering (ECE)** and my interest in digital system design. The course covers fundamental concepts such as number systems, Boolean algebra, logic gates, combinational and sequential circuits, and digital system simulation, which are core areas of electronics and computer hardware.

My ECE background provides me with a strong foundation in digital electronics and circuit design, enabling me to effectively explain theoretical concepts and demonstrate their practical implementation using simulation tools. The simulation-based approach of this course allows students to visualize circuit behavior, analyze designs, and develop problem-solving skills through hands-on learning.

Furthermore, the course creates a strong foundation for advanced areas such as Computer Organization, Embedded Systems, Internet of Things (IoT), and hardware-software integration. With my background in Electronics and my teaching experience in Computer Science, I can effectively bridge the concepts of hardware and software, providing students with a comprehensive understanding of digital systems.","2026-07-10 19:50:33.861543+00","2026-07-10 19:50:33.861543+00"
"P17837137173762479","F007","CSE|GMU|3|UE25CS2305","6","**Course Preference Justification: Operating System Concepts**

I have chosen **Operating System Concepts** as my preferred course because it is a fundamental core subject in Computer Science that provides students with essential knowledge about the functioning and management of computer systems. The course covers important concepts such as process management, CPU scheduling, memory management, file systems, synchronization, and security, which form the foundation for understanding modern computing environments.

This course will benefit students by developing their understanding of system-level operations and improving their problem-solving and analytical skills. The knowledge gained through this course will support students in advanced areas such as Cloud Computing, Distributed Systems, Embedded Systems, Internet of Things (IoT), and Cyber Security.

To deliver the course effectively, I will prepare structured course materials, real-time examples, case studies, and practical demonstrations. The teaching approach will include interactive lectures, concept visualization using diagrams and flowcharts, problem-solving sessions, and hands-on activities using Linux environments and programming exercises. Assignments, discussions, and practical applications will be used to encourage active learning and improve students’ conceptual understanding.

Through this approach, students will be able to connect theoretical concepts with real-world applications and develop the skills required to understand and analyze modern operating systems.","2026-07-10 20:01:57.480827+00","2026-07-10 20:01:57.480827+00"
"P17837524409482957","F009","CSE|GMU|5|UE24CS3503","5","","2026-07-11 06:47:21.058865+00","2026-07-11 06:47:21.058865+00"
"P17837789211634013","F019","CSE|GMU|3|UE25CS2304","1","I taught this subject last year for 3rd semester students. I would like to continue teaching it to deepen my knowledge and deliver the course more effectively","2026-07-11 14:08:41.271192+00","2026-07-11 14:08:41.271192+00"
"P17837789976846560","F019","CSE|GMU|1|UG26AI1101","2","I taught this subject last sem in GMIT for 2nd semester students. I would like to continue teaching it to deepen my knowledge and deliver the course more effectively","2026-07-11 14:09:57.800697+00","2026-07-11 14:09:57.800697+00"
"P17837792323994427","F019","CSE|GMU|1|UE26CS1103","3","studied C Programming during my engineering","2026-07-11 14:13:52.5053+00","2026-07-11 14:13:52.5053+00"
"P17837794138849126","F019","CSE|GMIT|7|BCS701","4","studied during my engineering this subject","2026-07-11 14:16:54.002626+00","2026-07-11 14:16:54.002626+00"
"P17837797686364556","F019","CSE|GMU|3|UE25CS2303","5","I would like to teach it to help students build their programming skills","2026-07-11 14:22:48.743032+00","2026-07-11 14:22:48.743032+00"
"P1783779914460513","F019","CSE|GMIT|7|BCS703","6","I would like to teach it to help students build their programming skills","2026-07-11 14:25:14.565404+00","2026-07-11 14:25:14.565404+00"